{"inference_id": "3cf695a8-7c16-42c5-991f-1ac022912c0a", "time": 0.04028383400009261, "image": {"width": 319, "height": 360}, "predictions": [{"x": 217.0, "y": 185.5, "width": 90.0, "height": 85.0, "confidence": 0.8729356527328491, "class": "yes", "class_id": 0, "detection_id": "ac60cc9a-5b38-43ab-9320-e78b7c18ed66"}]}