{"inference_id": "b9ccbff1-325f-447c-bde1-c6b99df4ba1e", "time": 0.03407444200001919, "image": {"width": 500, "height": 500}, "predictions": [{"x": 147.0, "y": 292.5, "width": 128.0, "height": 153.0, "confidence": 0.7921310067176819, "class": "yes", "class_id": 0, "detection_id": "430c9132-9390-4b13-8685-b8bc10b9b9b6"}]}